cell,variant,seed,target,budget,ttt_cpu,ttt_it,cpu,iters,best,wall
"K6(6,3)",p5,5,10,45,22.7983,379760,22.798,379760,10,22.8
"K6(8,4)",p5+upick,20,20,90,4.9849,2961,4.985,2961,20,4.99
"K6(8,4)",p5+ucache,6,20,90,0.8472,493,0.847,493,20,0.85
"K8(9,4)",p5,4,10800,100,3.9297,28,3.93,28,10791,3.93
"K6(8,4)",base,2,20,90,6.0738,677,6.074,677,20,6.07
"K6(6,3)",p5+fix0,15,10,45,-1.0,-1,45.0,765472,13,45.0
"K6(8,4)",p5+ucache,12,20,90,1.1963,712,1.196,712,20,1.2
"K8(9,4)",p5+wide,16,10800,100,3.0344,22,3.034,22,10790,3.03
"K6(8,4)",base,11,20,90,2.9497,327,2.95,327,20,2.95
"K6(6,3)",p5+fix0,3,10,45,4.7012,76080,4.701,76080,9,4.7
"K6(8,4)",p5+wide,3,20,90,0.6578,380,0.658,380,20,0.66
"K6(6,3)",p5+upick,12,10,45,-1.0,-1,45.001,543536,60,45.0
"K6(8,4)",p5+upick,9,20,90,2.6119,1551,2.612,1551,19,2.61
"K6(6,3)",p5+wide,7,10,45,-1.0,-1,45.001,732688,16,45.0
"K6(6,3)",p5,15,10,45,1.4008,21176,1.401,21176,8,1.4
"K8(9,4)",base,13,10800,100,22.2762,29,22.276,29,10789,22.28
"K6(8,4)",p5+upick,12,20,90,0.9303,546,0.93,546,20,0.93
"K6(8,4)",base,5,20,90,5.848,616,5.848,616,20,5.85
"K6(8,4)",base,9,20,90,7.0139,730,7.014,730,20,7.01
"K8(9,4)",p5,19,10800,100,3.8369,30,3.837,30,10782,3.84
"K6(6,3)",p5,12,10,45,-1.0,-1,45.001,746960,14,45.0
"K8(9,4)",base,20,10800,100,22.5139,28,22.514,28,10773,22.52
"K6(8,4)",p5+upick,6,20,90,1.3547,794,1.355,794,20,1.35
"K6(8,4)",p5,17,20,90,1.2664,751,1.266,751,20,1.27
"K6(8,4)",base,12,20,90,4.1086,435,4.109,435,20,4.11
"K6(6,3)",p5+wide,6,10,45,-1.0,-1,45.001,715088,25,45.0
"K6(6,3)",p5+upick,13,10,45,10.8904,131051,10.89,131051,8,10.89
"K6(8,4)",p5+fix0,19,20,90,2.0947,1189,2.095,1189,19,2.09
"K8(9,4)",base,15,10800,100,29.0256,33,29.026,33,10778,29.03
"K8(9,4)",p5,9,10800,100,4.7169,31,4.717,31,10775,4.72
"K6(8,4)",p5+ucache,8,20,90,0.9999,560,1.0,560,20,1.0
"K6(8,4)",base,14,20,90,4.0346,398,4.035,398,20,4.03
"K6(8,4)",p5,14,20,90,0.729,398,0.729,398,20,0.73
"K6(8,4)",p5+upick,18,20,90,3.4245,1833,3.424,1833,20,3.42
"K6(6,3)",p5+ucache,3,10,45,2.0065,28989,2.007,28989,10,2.01
"K6(6,3)",p5+upick,19,10,45,-1.0,-1,45.0,542928,62,45.0
"K6(6,3)",p5+ucache,18,10,45,9.3773,144456,9.377,144456,9,9.38
"K6(8,4)",p5,11,20,90,0.6212,327,0.621,327,20,0.62
"K6(6,3)",p5+ucache,1,10,45,0.9831,14353,0.983,14353,10,0.98
"K6(8,4)",p5+upick,15,20,90,1.4284,807,1.428,807,20,1.43
"K6(8,4)",p5+wide,11,20,90,0.6993,381,0.699,381,19,0.7
"K6(6,3)",p5+fix0,20,10,45,-1.0,-1,45.0,746416,18,45.0
"K6(8,4)",p5+wide,17,20,90,0.7928,434,0.793,434,20,0.79
"K6(6,3)",p5+ucache,2,10,45,2.868,40649,2.868,40649,10,2.87
"K6(6,3)",p5,20,10,45,1.4336,22558,1.434,22558,9,1.43
"K8(9,4)",p5+wide,9,10800,100,3.4551,22,3.455,22,10779,3.46
"K6(6,3)",p5+fix0,6,10,45,-1.0,-1,45.001,754528,22,45.0
"K6(8,4)",p5+fix0,1,20,90,2.077,1143,2.077,1143,20,2.08
"K8(9,4)",p5+wide,5,10800,100,3.3915,22,3.391,22,10765,3.39
"K8(9,4)",p5,7,10800,100,4.1699,28,4.17,28,10785,4.17
"K6(8,4)",base,3,20,90,5.3786,526,5.379,526,19,5.38
"K6(6,3)",p5+wide,12,10,45,-1.0,-1,45.001,705024,16,45.0
"K6(8,4)",p5+wide,20,20,90,1.7554,980,1.755,980,20,1.76
"K6(8,4)",p5+ucache,15,20,90,0.9628,552,0.963,552,20,0.96
"K6(8,4)",p5+upick,7,20,90,0.9431,523,0.943,523,20,0.94
"K8(9,4)",base,19,10800,100,24.4763,30,24.476,30,10782,24.48
"K6(8,4)",base,10,20,90,9.5764,988,9.576,988,20,9.58
"K6(6,3)",p5+ucache,20,10,45,3.7198,55399,3.72,55399,10,3.72
"K6(8,4)",p5+wide,10,20,90,0.6984,389,0.698,389,20,0.7
"K6(8,4)",p5+upick,3,20,90,6.3109,3725,6.311,3725,18,6.31
"K6(8,4)",p5+fix0,7,20,90,0.9135,514,0.913,514,20,0.91
"K6(8,4)",p5+fix0,5,20,90,0.6828,391,0.683,391,20,0.68
"K6(6,3)",base,17,10,45,8.8878,61877,8.888,61877,9,8.89
"K6(8,4)",p5+fix0,14,20,90,1.4124,837,1.412,837,20,1.41
"K6(6,3)",base,1,10,45,3.3503,23689,3.35,23689,8,3.35
"K6(8,4)",p5+ucache,2,20,90,0.7504,433,0.75,433,20,0.75
"K8(9,4)",p5+wide,10,10800,100,3.0941,23,3.094,23,10791,3.09
"K6(6,3)",base,16,10,45,14.8952,105752,14.895,105752,10,14.9
"K6(6,3)",p5+wide,20,10,45,-1.0,-1,45.001,700624,21,45.0
"K6(8,4)",p5+upick,16,20,90,5.9527,3396,5.953,3396,20,5.95
"K6(6,3)",p5+wide,8,10,45,-1.0,-1,45.001,756848,13,45.0
"K6(8,4)",p5+wide,12,20,90,0.5102,291,0.51,291,20,0.51
"K8(9,4)",p5,14,10800,100,4.3769,30,4.377,30,10797,4.38
"K6(8,4)",p5,16,20,90,1.1478,675,1.148,675,20,1.15
"K6(8,4)",p5,10,20,90,1.7281,988,1.728,988,20,1.73
"K8(9,4)",p5,18,10800,100,4.6685,31,4.669,31,10774,4.67
"K6(6,3)",p5+upick,4,10,45,-1.0,-1,45.0,534704,48,45.0
"K8(9,4)",p5,8,10800,100,4.3402,29,4.34,29,10790,4.34
"K6(8,4)",p5+wide,5,20,90,0.7113,371,0.711,371,20,0.71
"K6(6,3)",p5,13,10,45,-1.0,-1,45.0,748608,14,45.0
"K8(9,4)",base,10,10800,100,22.0056,28,22.006,28,10794,22.01
"K6(6,3)",p5+upick,15,10,45,-1.0,-1,45.001,534576,59,45.0
"K8(9,4)",p5,17,10800,100,4.622,31,4.622,31,10778,4.62
"K6(8,4)",p5+ucache,7,20,90,1.2043,680,1.204,680,20,1.2
"K6(8,4)",p5+ucache,18,20,90,0.8976,508,0.898,508,20,0.9
"K6(8,4)",p5,2,20,90,1.1922,677,1.192,677,20,1.19
"K6(8,4)",p5+upick,5,20,90,2.232,1282,2.232,1282,19,2.23
"K6(8,4)",p5+wide,18,20,90,0.7282,386,0.728,386,20,0.73
"K6(8,4)",p5+ucache,10,20,90,0.5102,291,0.51,291,20,0.51
"K6(6,3)",p5+wide,5,10,45,19.4611,298706,19.461,298706,10,19.46
"K8(9,4)",base,2,10800,100,22.6633,28,22.663,28,10793,22.66
"K6(6,3)",p5+wide,1,10,45,-1.0,-1,45.001,727120,14,45.0
"K6(8,4)",p5+fix0,17,20,90,1.3101,735,1.31,735,19,1.31
"K6(6,3)",p5,18,10,45,0.5658,8104,0.566,8104,10,0.57
"K6(8,4)",base,8,20,90,2.9511,310,2.951,310,20,2.95
"K6(6,3)",p5+fix0,18,10,45,19.708,316543,19.708,316543,10,19.71
"K8(9,4)",p5+wide,2,10800,100,3.2675,22,3.267,22,10783,3.27
"K6(8,4)",base,13,20,90,6.5018,684,6.502,684,20,6.5
"K6(6,3)",base,3,10,45,11.8376,82735,11.838,82735,10,11.84
"K6(6,3)",p5+wide,9,10,45,-1.0,-1,45.001,719568,16,45.0
"K8(9,4)",base,11,10800,100,22.9422,28,22.942,28,10794,22.94
"K8(9,4)",p5+wide,8,10800,100,2.8757,22,2.876,22,10789,2.88
"K6(6,3)",p5,9,10,45,-1.0,-1,45.001,750944,14,45.0
"K6(6,3)",base,12,10,45,-1.0,-1,45.002,308864,14,45.0
"K6(6,3)",p5,14,10,45,0.6128,9227,0.613,9227,10,0.61
"K8(9,4)",base,9,10800,100,25.6162,31,25.616,31,10775,25.62
"K6(6,3)",p5+fix0,9,10,45,-1.0,-1,45.0,771680,15,45.0
"K6(8,4)",p5+fix0,8,20,90,1.4255,824,1.425,824,20,1.43
"K6(8,4)",base,4,20,90,8.4741,866,8.474,866,20,8.47
"K8(9,4)",base,7,10800,100,22.6509,28,22.651,28,10785,22.65
"K6(6,3)",p5+ucache,13,10,45,1.3102,20341,1.31,20341,10,1.31
"K6(8,4)",base,15,20,90,7.4498,761,7.45,761,20,7.45
"K8(9,4)",p5+wide,15,10800,100,3.0643,23,3.064,23,10795,3.06
"K6(8,4)",p5,15,20,90,1.3681,761,1.368,761,20,1.37
"K6(8,4)",p5,20,20,90,0.687,381,0.687,381,20,0.69
"K6(8,4)",p5,8,20,90,0.5554,310,0.555,310,20,0.56
"K6(6,3)",p5+ucache,10,10,45,6.5491,100229,6.549,100229,10,6.55
"K6(6,3)",p5+wide,14,10,45,-1.0,-1,45.0,730016,16,45.0
"K8(9,4)",p5,20,10800,100,4.2572,28,4.257,28,10773,4.26
"K8(9,4)",p5+wide,4,10800,100,3.4526,23,3.453,23,10775,3.45
"K6(6,3)",p5+ucache,16,10,45,3.8149,54773,3.815,54773,10,3.82
"K6(8,4)",p5+ucache,5,20,90,1.0155,592,1.015,592,18,1.02
"K8(9,4)",p5,1,10800,100,4.7949,32,4.795,32,10791,4.8
"K6(6,3)",p5,3,10,45,5.1976,82735,5.198,82735,10,5.2
"K6(8,4)",p5+wide,8,20,90,1.0769,624,1.077,624,20,1.08
"K8(9,4)",base,18,10800,100,25.8767,31,25.877,31,10774,25.88
"K6(6,3)",p5+upick,2,10,45,-1.0,-1,45.001,547424,13,45.0
"K6(6,3)",p5+wide,13,10,45,17.9996,282044,18.0,282044,10,18.0
"K6(6,3)",p5+upick,3,10,45,-1.0,-1,45.0,540944,37,45.0
"K6(8,4)",p5+ucache,19,20,90,2.3481,1308,2.348,1308,20,2.35
"K8(9,4)",p5+wide,20,10800,100,3.348,23,3.348,23,10798,3.35
"K6(8,4)",p5+fix0,13,20,90,0.8876,486,0.888,486,20,0.89
"K6(8,4)",p5,13,20,90,1.2378,684,1.238,684,20,1.24
"K6(6,3)",base,2,10,45,5.4681,38423,5.468,38423,10,5.47
"K6(6,3)",p5+fix0,10,10,45,2.6014,40961,2.601,40961,9,2.6
"K6(8,4)",p5+upick,4,20,90,1.6114,923,1.611,923,20,1.61
"K6(8,4)",base,1,20,90,9.4053,966,9.405,966,20,9.41
"K6(8,4)",p5+upick,2,20,90,7.443,4336,7.443,4336,20,7.44
"K8(9,4)",p5,16,10800,100,4.2176,30,4.218,30,10777,4.22
"K6(8,4)",p5+upick,19,20,90,4.9337,2941,4.934,2941,20,4.93
"K6(6,3)",p5+ucache,7,10,45,0.2833,4478,0.283,4478,10,0.28
"K6(6,3)",p5,1,10,45,1.5745,23689,1.575,23689,8,1.57
"K6(8,4)",p5+wide,4,20,90,0.5663,323,0.566,323,20,0.57
"K6(6,3)",p5+fix0,4,10,45,-1.0,-1,45.001,753824,14,45.0
"K8(9,4)",p5,11,10800,100,4.186,28,4.186,28,10794,4.19
"K6(8,4)",p5,4,20,90,1.5096,866,1.51,866,20,1.51
"K6(6,3)",p5+ucache,6,10,45,9.2443,142296,9.244,142296,10,9.24
"K6(6,3)",p5,16,10,45,6.179,105752,6.179,105752,10,6.18
"K6(6,3)",base,7,10,45,1.4592,10225,1.459,10225,9,1.46
"K6(8,4)",p5+upick,17,20,90,4.2918,2460,4.292,2460,20,4.29
"K6(6,3)",p5+fix0,13,10,45,2.1526,32227,2.153,32227,10,2.15
"K6(6,3)",base,14,10,45,1.3167,9227,1.317,9227,10,1.32
"K8(9,4)",p5,10,10800,100,3.9608,28,3.961,28,10794,3.96
"K6(8,4)",p5+wide,14,20,90,1.2169,667,1.217,667,20,1.22
"K6(6,3)",p5+fix0,17,10,45,-1.0,-1,45.001,767520,14,45.0
"K6(6,3)",p5+upick,5,10,45,-1.0,-1,45.0,549488,56,45.0
"K6(6,3)",p5+upick,9,10,45,-1.0,-1,45.0,540304,44,45.0
"K6(8,4)",p5+fix0,3,20,90,2.1301,1175,2.13,1175,20,2.13
"K6(8,4)",p5+wide,15,20,90,1.6639,925,1.664,925,20,1.66
"K6(8,4)",p5+wide,13,20,90,0.681,377,0.681,377,19,0.68
"K6(6,3)",base,18,10,45,1.1478,8104,1.148,8104,10,1.15
"K8(9,4)",p5,15,10800,100,4.5075,33,4.507,33,10778,4.51
"K8(9,4)",p5+wide,17,10800,100,2.7781,21,2.778,21,10798,2.78
"K6(8,4)",p5+wide,9,20,90,0.5675,311,0.567,311,20,0.57
"K6(8,4)",p5+ucache,9,20,90,1.6235,905,1.623,905,20,1.62
"K6(6,3)",p5+ucache,8,10,45,6.4546,100703,6.455,100703,10,6.45
"K6(8,4)",p5+fix0,18,20,90,1.2055,680,1.205,680,20,1.21
"K6(8,4)",p5+ucache,3,20,90,0.8893,518,0.889,518,19,0.89
"K6(8,4)",p5+ucache,14,20,90,0.6005,354,0.6,354,19,0.6
"K6(6,3)",p5+upick,8,10,45,-1.0,-1,45.0,548304,63,45.0
"K8(9,4)",p5+wide,1,10800,100,2.96,23,2.96,23,10778,2.96
"K6(6,3)",p5+fix0,5,10,45,-1.0,-1,45.0,761184,16,45.0
"K6(6,3)",p5+fix0,2,10,45,5.8065,93535,5.807,93535,10,5.81
"K6(8,4)",p5+wide,19,20,90,1.1186,653,1.119,653,20,1.12
"K6(8,4)",p5+ucache,20,20,90,1.5337,917,1.534,917,20,1.53
"K8(9,4)",p5,6,10800,100,4.1779,31,4.178,31,10782,4.18
"K6(8,4)",p5+wide,7,20,90,0.721,422,0.721,422,20,0.72
"K6(8,4)",base,16,20,90,6.034,675,6.034,675,20,6.03
"K6(8,4)",p5,3,20,90,0.9063,526,0.906,526,19,0.91
"K6(6,3)",p5,7,10,45,0.6705,10225,0.671,10225,9,0.67
"K6(8,4)",p5+fix0,16,20,90,0.6042,351,0.604,351,20,0.6
"K8(9,4)",p5+wide,6,10800,100,2.9265,23,2.926,23,10771,2.93
"K6(6,3)",p5+fix0,16,10,45,-1.0,-1,45.0,785184,15,45.0
"K6(6,3)",p5+upick,18,10,45,-1.0,-1,45.0,546176,37,45.0
"K6(6,3)",p5+wide,11,10,45,36.533,567747,36.533,567747,10,36.53
"K6(8,4)",p5+upick,14,20,90,7.2403,4257,7.24,4257,20,7.24
"K6(6,3)",p5+upick,20,10,45,-1.0,-1,45.001,537088,69,45.0
"K6(6,3)",p5+fix0,8,10,45,-1.0,-1,45.0,735664,14,45.0
"K6(6,3)",base,20,10,45,3.2219,22558,3.222,22558,9,3.22
"K8(9,4)",base,12,10800,100,22.0067,30,22.007,30,10783,22.01
"K6(6,3)",p5+wide,10,10,45,-1.0,-1,45.0,740400,14,45.0
"K6(8,4)",base,6,20,90,3.2406,364,3.241,364,20,3.24
"K6(6,3)",p5+ucache,17,10,45,4.1515,61965,4.152,61965,10,4.15
"K6(6,3)",base,5,10,45,-1.0,-1,45.002,312592,16,45.0
"K8(9,4)",p5+wide,14,10800,100,3.0796,23,3.08,23,10788,3.08
"K6(6,3)",p5,4,10,45,-1.0,-1,45.001,732192,14,45.0
"K6(8,4)",p5+fix0,12,20,90,1.1702,687,1.17,687,20,1.17
"K8(9,4)",p5+wide,7,10800,100,3.0372,24,3.037,24,10762,3.04
"K6(8,4)",base,18,20,90,8.1616,878,8.162,878,20,8.16
"K8(9,4)",base,6,10800,100,23.9914,31,23.991,31,10782,23.99
"K6(8,4)",p5+fix0,10,20,90,1.1202,649,1.12,649,20,1.12
"K6(6,3)",p5+wide,17,10,45,-1.0,-1,45.0,714272,14,45.0
"K6(6,3)",base,4,10,45,-1.0,-1,45.002,315840,24,45.0
"K6(8,4)",p5+wide,16,20,90,1.6195,931,1.619,931,20,1.62
"K6(6,3)",p5+wide,18,10,45,-1.0,-1,45.0,706000,16,45.0
"K6(6,3)",p5+wide,2,10,45,21.9964,342212,21.996,342212,10,22.0
"K6(6,3)",base,6,10,45,29.5767,204798,29.577,204798,10,29.58
"K8(9,4)",base,17,10800,100,22.9102,31,22.91,31,10778,22.91
"K6(6,3)",p5+upick,7,10,45,-1.0,-1,45.0,547184,15,45.0
"K6(8,4)",p5+wide,2,20,90,0.9211,533,0.921,533,20,0.92
"K6(6,3)",base,15,10,45,3.047,21176,3.047,21176,8,3.05
"K8(9,4)",p5+wide,18,10800,100,3.2422,24,3.242,24,10764,3.24
"K6(6,3)",p5+upick,16,10,45,-1.0,-1,45.0,526976,61,45.0
"K8(9,4)",p5+wide,19,10800,100,2.8011,22,2.801,22,10798,2.8
"K8(9,4)",p5+wide,11,10800,100,2.8498,23,2.85,23,10798,2.85
"K8(9,4)",base,14,10800,100,21.3214,30,21.321,30,10797,21.32
"K8(9,4)",base,5,10800,100,21.6035,30,21.604,30,10768,21.6
"K6(8,4)",p5+fix0,11,20,90,0.8446,506,0.845,506,20,0.84
"K6(6,3)",p5,17,10,45,3.9716,61877,3.972,61877,9,3.97
"K6(8,4)",base,20,20,90,3.5047,381,3.505,381,20,3.51
"K8(9,4)",base,4,10800,100,19.9304,28,19.93,28,10791,19.93
"K6(6,3)",p5+fix0,1,10,45,-1.0,-1,45.0,768480,16,45.0
"K6(8,4)",base,7,20,90,3.9689,450,3.969,450,20,3.97
"K6(8,4)",p5+ucache,13,20,90,0.8382,504,0.838,504,20,0.84
"K6(8,4)",p5+ucache,4,20,90,1.2391,763,1.239,763,20,1.24
"K6(8,4)",p5+fix0,2,20,90,1.3039,805,1.304,805,20,1.31
"K6(6,3)",p5,11,10,45,13.7374,218349,13.737,218349,9,13.74
"K6(8,4)",p5+ucache,1,20,90,0.8561,529,0.856,529,20,0.86
"K6(8,4)",p5,19,20,90,1.522,912,1.522,912,20,1.52
"K8(9,4)",p5,5,10800,100,3.6572,30,3.657,30,10768,3.66
"K6(6,3)",p5,19,10,45,6.0754,103841,6.075,103841,10,6.08
"K8(9,4)",p5+wide,12,10800,100,2.7048,23,2.705,23,10790,2.7
"K6(6,3)",p5+wide,16,10,45,18.5706,292602,18.571,292602,10,18.57
"K6(8,4)",p5,1,20,90,1.5959,966,1.596,966,20,1.6
"K6(6,3)",p5+upick,17,10,45,23.8969,291031,23.897,291031,9,23.9
"K6(8,4)",p5+fix0,20,20,90,1.4875,898,1.488,898,20,1.49
"K8(9,4)",p5,2,10800,100,3.2134,28,3.213,28,10793,3.21
"K6(6,3)",p5+fix0,19,10,45,3.4939,54712,3.494,54712,10,3.49
"K6(8,4)",base,19,20,90,8.1782,912,8.178,912,20,8.18
"K6(6,3)",p5+fix0,14,10,45,2.6855,41607,2.686,41607,10,2.69
"K6(8,4)",p5+upick,11,20,90,1.7552,1056,1.755,1056,20,1.76
"K6(6,3)",p5+ucache,15,10,45,18.5435,286344,18.544,286344,9,18.54
"K6(6,3)",p5,8,10,45,14.2656,231050,14.266,231050,9,14.27
"K6(6,3)",p5+ucache,5,10,45,2.5125,37112,2.513,37112,10,2.51
"K6(8,4)",p5,12,20,90,0.714,435,0.714,435,20,0.71
"K6(8,4)",p5+ucache,11,20,90,0.8876,561,0.888,561,20,0.89
"K6(6,3)",p5+fix0,12,10,45,-1.0,-1,45.001,783536,16,45.0
"K6(8,4)",p5,7,20,90,0.7517,450,0.752,450,20,0.75
"K8(9,4)",base,1,10800,100,22.5536,32,22.554,32,10791,22.56
"K6(6,3)",p5+fix0,11,10,45,-1.0,-1,45.0,759008,17,45.0
"K6(8,4)",p5,6,20,90,0.5898,364,0.59,364,20,0.59
"K6(6,3)",base,10,10,45,3.6248,25269,3.625,25269,10,3.63
"K6(6,3)",p5+upick,10,10,45,-1.0,-1,45.001,538640,49,45.0
"K6(6,3)",p5,6,10,45,13.1143,204798,13.114,204798,10,13.12
"K6(6,3)",p5,2,10,45,2.4942,38423,2.494,38423,10,2.49
"K6(6,3)",p5+wide,19,10,45,0.4143,6017,0.414,6017,10,0.41
"K6(6,3)",p5+upick,1,10,45,-1.0,-1,45.001,536928,57,45.0
"K6(8,4)",p5+wide,6,20,90,1.86,1157,1.86,1157,20,1.86
"K6(6,3)",p5+ucache,12,10,45,6.0948,89124,6.095,89124,8,6.1
"K6(6,3)",p5+ucache,14,10,45,12.8652,202527,12.865,202527,10,12.87
"K6(6,3)",p5+ucache,4,10,45,1.9687,28607,1.969,28607,9,1.97
"K6(8,4)",p5+upick,10,20,90,5.1525,3239,5.153,3239,20,5.15
"K8(9,4)",base,8,10800,100,21.0235,29,21.024,29,10790,21.02
"K6(6,3)",p5+ucache,11,10,45,3.1794,46422,3.179,46422,10,3.18
"K8(9,4)",base,3,10800,100,21.6002,31,21.6,31,10770,21.6
"K8(9,4)",p5+wide,3,10800,100,2.4946,22,2.495,22,10787,2.49
"K6(8,4)",p5+wide,1,20,90,0.7043,420,0.704,420,20,0.7
"K6(8,4)",p5,5,20,90,1.0416,616,1.042,616,20,1.04
"K8(9,4)",p5,13,10800,100,3.4218,29,3.422,29,10789,3.42
"K6(8,4)",p5+fix0,6,20,90,1.109,669,1.109,669,20,1.11
"K6(6,3)",p5+upick,11,10,45,-1.0,-1,45.001,541392,44,45.0
"K6(6,3)",p5+ucache,9,10,45,16.0089,256797,16.009,256797,9,16.01
"K6(8,4)",p5+fix0,9,20,90,1.1732,716,1.173,716,19,1.17
"K6(6,3)",base,19,10,45,14.5571,103841,14.557,103841,10,14.56
"K6(6,3)",p5+upick,6,10,45,-1.0,-1,45.0,537856,58,45.0
"K6(6,3)",p5,10,10,45,1.6103,25269,1.61,25269,10,1.61
"K8(9,4)",p5+wide,13,10800,100,2.8589,23,2.859,23,10773,2.86
"K6(8,4)",p5+upick,1,20,90,3.5051,2143,3.505,2143,20,3.51
"K8(9,4)",p5,3,10800,100,3.6256,31,3.626,31,10770,3.63
"K6(6,3)",base,11,10,45,31.3996,218349,31.4,218349,9,31.4
"K6(8,4)",p5+ucache,16,20,90,0.7123,435,0.712,435,19,0.71
"K8(9,4)",base,16,10800,100,20.576,30,20.576,30,10777,20.58
"K6(6,3)",p5+wide,4,10,45,23.8681,371793,23.868,371793,10,23.87
"K6(6,3)",p5+wide,15,10,45,-1.0,-1,45.001,707872,17,45.0
"K6(6,3)",base,13,10,45,-1.0,-1,45.002,313072,14,45.0
"K6(8,4)",p5+upick,13,20,90,1.41,877,1.41,877,20,1.41
"K6(6,3)",p5+upick,14,10,45,19.218,228231,19.218,228231,8,19.22
"K6(6,3)",base,8,10,45,33.4975,231050,33.497,231050,9,33.5
"K6(8,4)",p5+upick,8,20,90,7.5043,4750,7.504,4750,20,7.5
"K6(8,4)",base,17,20,90,6.4145,751,6.415,751,20,6.41
"K6(6,3)",p5+ucache,19,10,45,6.2565,90159,6.257,90159,10,6.26
"K6(6,3)",p5+fix0,7,10,45,4.3938,72285,4.394,72285,9,4.39
"K6(8,4)",p5+fix0,4,20,90,1.0763,671,1.076,671,20,1.08
"K8(9,4)",p5,12,10800,100,3.25,30,3.25,30,10783,3.25
"K6(8,4)",p5+fix0,15,20,90,1.598,989,1.598,989,20,1.6
"K6(8,4)",p5+ucache,17,20,90,0.9185,573,0.919,573,20,0.92
"K6(8,4)",p5,18,20,90,1.4434,878,1.443,878,20,1.44
"K6(6,3)",base,9,10,45,-1.0,-1,45.002,307312,14,45.0
"K6(6,3)",p5+wide,3,10,45,36.6852,575918,36.685,575918,10,36.69
"K6(8,4)",p5,9,20,90,1.1964,730,1.196,730,20,1.2
